experiment,hidden_units,dropout_rate,epochs_ran,best_val_loss,accuracy,precision,recall,f1
dropout_0_4,"(32, 16)",0.4,3,0.5100656151771545,0.7465167267840724,0.7066287205027867,0.8429763757249965,0.7688040252870597
baseline,"(32, 16)",0.2,24,0.5010133981704712,0.7513261192446424,0.721812960419528,0.817796010751167,0.7668125746120175
wider_model,"(64, 32)",0.2,3,0.5038256645202637,0.7494165075323573,0.7262577002053389,0.8005375583533739,0.7615907408653523
